emotion,Team Leader,HR Manager,Crisis Manager,Innovation Head,Quality Assurance Manager,Security Officer,Operations Manager,Researcher,Sales Representative,Marketing Director,Customer Support,Project Manager,Executive,Product Manager,Negotiator,Entrepreneur,Financial Analyst,Training Manager,Public Relations Officer,Data Scientist,Business Analyst,Software Engineer,IT Support Specialist,UX/UI Designer,Accountant,Legal Advisor,Supply Chain Manager,Graphic Designer,Operations Research Analyst,Logistics Coordinator,Customer Success Manager,Marketing Manager,Content Strategist,Social Media Manager,Chief Technology Officer (CTO),Chief Executive Officer (CEO),Chief Financial Officer (CFO),Chief Operations Officer (COO),Recruiter
decisiveness,49,71,91,71,64,86,34,46,68,76,55,97,61,51,99,41,88,97,76,30,48,85,68,36,64,65,31,50,36,67,57,66,75,55,71,74,72,32,77
decisiveness,59,36,32,83,70,67,45,63,75,73,80,96,92,58,64,93,73,65,45,75,86,30,73,36,43,95,59,73,58,81,95,95,58,38,89,86,99,46,88
confidence,68,91,33,89,62,41,97,50,33,97,85,52,98,30,82,86,78,86,77,65,35,85,82,47,30,52,70,60,84,35,79,45,90,36,99,48,57,89,84
stability,81,41,96,75,94,65,55,39,98,49,95,39,56,84,98,80,70,66,76,34,92,41,57,79,74,62,68,86,89,60,63,55,77,100,71,88,51,63,31
empathy,67,100,93,50,62,36,96,97,98,70,60,79,90,83,89,92,74,33,41,84,50,34,86,67,83,97,79,69,86,48,58,62,83,82,32,44,38,70,97
attention_to_detail,69,36,68,50,30,84,75,75,36,48,46,57,41,97,61,91,38,45,57,52,84,62,42,70,92,100,89,91,71,32,68,52,93,100,70,83,88,43,71
attention_to_detail,68,97,58,48,90,72,100,100,75,46,85,42,96,86,41,71,38,89,81,70,60,67,59,44,97,70,68,83,83,42,46,60,47,54,30,44,61,30,55
decisiveness,99,51,79,54,79,44,59,75,55,66,70,51,85,41,74,74,52,51,57,98,99,78,57,71,41,32,35,40,44,82,49,57,33,47,86,88,51,73,41
attention_to_detail,35,39,100,55,30,67,78,52,99,35,83,99,96,50,88,60,80,52,61,95,52,85,91,52,70,50,54,98,59,44,47,57,73,33,33,80,67,62,66
empathy,65,99,76,36,84,54,50,85,40,55,53,91,82,90,72,83,61,90,40,39,77,35,92,35,94,35,57,50,63,100,50,60,86,80,74,90,30,38,83
decisiveness,79,45,31,43,99,64,68,80,66,34,58,47,41,69,37,69,35,35,60,49,35,92,78,87,47,71,74,95,57,75,67,93,63,63,60,81,100,93,86
confidence,83,73,93,45,92,98,95,91,80,45,97,38,55,51,100,65,87,49,77,48,43,84,76,94,77,55,39,80,80,85,85,88,30,69,90,59,31,50,61
creativity,62,78,97,45,99,37,77,45,94,41,59,32,66,98,56,78,88,60,65,45,71,92,91,63,78,48,64,61,71,76,51,45,100,85,76,90,77,35,96
empathy,80,86,32,80,86,66,99,64,79,61,99,77,56,54,52,82,72,49,78,38,82,61,58,100,68,71,77,79,43,46,73,83,97,92,71,55,47,33,82
attention_to_detail,46,68,66,85,79,91,72,78,92,90,97,95,100,97,95,65,52,80,55,73,83,31,82,46,66,99,36,85,83,62,37,43,91,83,93,66,44,36,78
stability,53,62,67,84,77,94,44,78,43,57,31,85,69,86,77,39,48,76,34,42,38,61,30,46,96,93,75,88,100,78,79,80,46,88,62,94,90,73,63
vigilance,98,73,96,69,73,59,34,41,52,54,79,97,32,99,85,30,90,67,82,44,66,51,63,39,71,64,35,98,98,83,38,80,32,41,50,38,48,78,61
creativity,92,39,47,50,33,68,35,31,57,87,39,37,61,52,93,32,95,79,65,55,77,84,87,75,40,72,40,71,46,43,93,53,74,75,79,70,46,73,100
vigilance,64,35,57,41,41,71,73,74,99,31,71,52,66,60,32,52,70,50,87,53,39,39,83,98,54,51,70,81,65,68,53,100,48,87,75,94,75,84,73
creativity,33,72,64,60,31,47,42,57,97,69,76,64,99,97,58,67,52,63,94,35,64,72,84,64,62,87,50,100,31,67,68,75,86,75,89,88,67,42,34
creativity,39,73,83,53,89,65,70,67,78,45,43,46,58,69,82,30,62,86,41,49,90,62,72,33,64,88,53,38,64,59,35,81,62,79,53,33,81,88,94
empathy,36,78,57,60,91,48,58,59,84,88,79,90,61,86,37,65,35,89,99,76,85,86,79,53,78,77,69,59,69,54,93,86,56,100,70,95,30,89,56
vigilance,41,62,68,63,91,32,48,87,78,80,53,90,55,73,42,41,64,86,49,73,96,84,48,73,82,51,54,59,72,90,80,78,73,60,92,81,89,79,75
attention_to_detail,77,91,54,56,32,61,59,34,79,82,93,92,75,48,72,69,51,99,86,38,31,47,98,89,45,60,87,64,78,80,79,98,48,44,58,41,70,63,43
empathy,45,84,58,41,66,69,49,41,93,48,66,71,46,32,88,66,95,40,93,58,87,59,65,92,89,82,33,61,63,74,85,90,72,80,63,70,60,55,54
vigilance,80,84,74,66,92,40,64,87,57,34,99,93,73,87,49,50,30,75,91,33,85,42,80,87,34,94,74,42,67,76,79,98,61,73,98,83,89,100,39
creativity,88,88,100,66,69,54,79,86,97,90,39,77,85,90,90,40,59,55,70,47,66,91,52,62,71,92,62,40,48,69,40,49,65,84,58,64,78,63,41
creativity,80,46,45,42,42,34,88,50,35,52,96,49,30,66,33,97,69,46,37,32,32,77,95,35,80,90,57,52,97,90,94,36,64,91,87,90,52,73,95
vigilance,72,82,31,70,35,100,67,74,72,36,86,84,40,100,59,74,86,43,86,57,99,71,59,68,38,73,37,75,35,58,77,82,89,100,80,81,38,93,41
attention_to_detail,38,37,57,49,60,88,48,59,87,97,43,90,39,96,99,94,36,76,60,99,58,81,39,36,81,31,86,68,64,42,50,64,75,49,63,68,36,94,48
decisiveness,49,50,93,94,37,96,51,56,45,58,40,60,98,65,65,94,95,38,44,56,48,49,57,37,94,33,88,43,90,80,62,78,38,71,72,72,47,81,58
stability,49,88,74,48,67,97,47,72,36,74,42,57,54,38,38,79,48,73,73,48,97,87,49,41,93,91,61,58,95,98,49,86,97,93,78,35,65,48,53
decisiveness,79,32,94,77,51,73,100,74,75,67,65,43,95,37,61,50,67,50,51,95,47,91,45,57,94,53,52,88,42,78,92,35,78,91,84,51,95,72,37
stability,55,51,82,67,45,95,43,84,44,55,57,52,48,53,89,52,98,42,50,88,73,73,66,78,39,32,37,74,85,50,73,49,39,74,57,62,65,89,44
empathy,35,98,49,63,72,61,63,67,39,89,64,48,78,54,66,45,63,49,61,68,100,72,62,49,38,94,62,100,65,72,53,74,91,76,96,63,57,54,51
attention_to_detail,95,69,92,69,77,82,97,83,82,85,39,87,53,73,96,72,70,52,54,100,74,70,43,100,51,74,90,81,38,74,59,40,67,71,59,36,47,37,42
decisiveness,93,76,31,44,45,58,82,31,73,30,99,68,81,60,64,81,59,95,92,79,53,42,39,51,32,91,83,95,83,73,31,77,39,80,41,71,48,58,54
vigilance,39,77,92,73,51,31,63,56,36,83,53,85,60,86,84,78,53,47,54,77,47,57,41,81,33,67,52,38,72,76,33,37,62,45,38,81,37,40,89
attention_to_detail,32,79,81,32,36,62,90,47,87,61,82,48,77,60,69,67,33,49,33,98,57,63,91,38,78,76,54,56,73,55,73,57,76,31,95,96,40,72,56
empathy,69,65,53,56,62,35,92,70,100,86,47,76,55,31,69,76,44,53,98,57,89,32,88,46,53,96,94,43,99,63,34,56,83,94,44,77,65,45,47
vigilance,65,79,78,95,38,81,45,58,56,45,91,90,92,85,83,91,76,61,39,88,37,97,54,45,32,100,36,89,77,41,31,87,63,65,45,98,46,98,89
attention_to_detail,91,31,72,65,97,90,73,78,35,31,32,36,43,57,48,48,58,85,50,90,49,66,98,77,73,67,61,62,97,70,98,37,90,64,69,57,62,87,97
decisiveness,73,50,53,78,33,43,90,93,47,61,73,52,89,34,85,49,62,97,44,70,78,38,80,53,36,75,82,65,42,80,54,36,98,94,59,68,85,95,67
vigilance,69,82,38,30,77,31,67,95,90,61,37,37,32,50,60,30,53,93,91,67,51,52,44,49,96,59,61,32,59,49,89,67,87,33,67,55,86,73,80
stability,70,62,45,94,65,58,57,85,34,58,98,95,42,80,31,40,70,34,94,32,67,96,48,73,32,70,54,93,66,53,100,49,58,36,40,70,91,54,93
decisiveness,41,72,36,61,64,69,31,95,53,65,90,80,61,35,100,61,45,89,53,64,41,50,38,79,70,61,52,41,98,67,34,73,62,68,52,83,81,54,66
stability,56,74,91,93,39,97,88,66,31,33,83,82,49,72,68,77,99,61,76,51,60,34,72,92,89,43,86,84,91,93,34,83,72,80,83,100,84,51,82
decisiveness,40,75,99,70,93,90,94,57,61,96,82,37,46,30,60,89,90,59,78,52,96,96,94,86,91,39,38,49,55,71,53,82,35,80,64,97,35,64,37
stability,70,52,93,47,79,66,35,53,40,51,82,91,34,98,31,48,54,73,99,30,86,40,48,33,77,83,47,37,64,85,69,44,40,84,58,92,76,51,74
confidence,88,61,34,90,37,67,69,80,94,77,75,47,56,85,55,66,99,34,63,82,78,76,51,85,72,84,38,43,53,86,85,79,95,69,48,41,43,87,100
attention_to_detail,100,83,45,66,66,96,63,58,86,39,71,58,95,60,54,98,33,65,45,57,93,48,37,89,48,81,34,68,63,88,33,68,60,32,33,72,87,72,77
stability,65,59,63,79,38,47,49,87,45,98,57,70,85,77,95,31,55,52,33,36,44,60,59,85,59,62,84,70,56,59,100,67,48,87,37,88,88,58,68
decisiveness,49,95,85,68,68,61,38,35,39,72,81,48,64,76,88,33,93,72,51,81,39,71,47,41,91,77,54,67,94,89,46,77,36,56,61,68,51,59,54
confidence,46,48,56,62,35,47,67,88,74,80,53,78,60,70,45,97,64,52,38,43,62,62,49,35,59,66,65,50,72,90,66,36,75,76,63,66,77,92,51
attention_to_detail,97,38,74,48,63,81,55,85,35,50,67,38,50,35,49,57,47,94,56,45,94,46,43,95,40,61,84,38,72,90,35,76,67,55,67,63,50,97,39
empathy,77,60,100,44,59,41,31,62,37,78,40,81,95,72,89,87,44,65,78,44,76,49,84,74,69,55,90,95,34,60,86,89,73,70,71,55,83,55,41
stability,35,65,86,99,71,85,56,55,65,90,92,89,98,62,71,43,43,66,84,38,38,39,89,32,36,35,38,35,33,63,33,95,68,51,35,40,63,97,73
creativity,96,97,47,30,80,64,65,32,31,85,37,82,66,32,62,47,75,48,88,79,76,82,71,78,65,75,76,63,86,40,45,51,67,60,36,90,74,66,42
confidence,50,94,74,65,73,41,51,57,66,71,93,87,88,97,50,44,80,39,68,50,60,62,78,30,45,95,77,73,62,59,80,56,63,75,73,73,87,98,82
decisiveness,92,87,34,51,37,41,83,75,91,50,41,58,99,45,96,37,58,37,97,50,30,50,63,69,79,35,54,73,94,32,61,77,52,81,71,86,99,56,84
stability,52,100,77,58,73,89,46,67,88,58,43,92,44,53,68,67,47,55,71,49,69,63,78,93,75,81,95,36,78,67,54,96,63,63,98,62,56,45,51
stability,55,44,88,73,67,81,50,62,90,99,36,61,92,48,39,40,67,84,78,35,34,44,61,60,60,97,48,83,41,38,51,32,79,41,37,62,77,78,67
vigilance,72,68,32,73,65,40,66,89,67,35,52,91,42,31,83,84,34,66,75,45,40,93,93,93,91,33,96,53,58,47,84,80,82,76,58,83,90,39,64
confidence,59,60,57,83,93,82,88,81,63,36,48,86,76,96,63,73,38,88,56,81,74,98,95,65,55,71,63,51,71,92,40,42,36,47,35,85,76,89,32
confidence,91,80,88,58,64,58,88,31,46,48,79,97,52,83,51,60,54,54,42,77,95,77,49,72,99,40,35,86,47,56,55,39,36,32,95,85,50,82,92
vigilance,52,100,68,98,30,46,43,42,50,35,97,42,33,50,76,80,94,66,41,62,76,73,56,91,98,78,53,68,68,72,76,45,46,89,76,87,89,69,74
confidence,48,30,96,77,88,99,57,50,87,72,85,100,72,68,45,88,66,40,41,33,53,98,79,74,75,66,40,71,67,84,61,55,32,97,100,83,45,74,69
vigilance,85,93,82,88,67,95,48,72,37,45,72,50,47,55,44,74,40,56,73,57,91,72,100,67,73,75,36,48,81,97,62,37,43,84,77,71,38,51,63
stability,93,47,76,86,43,38,77,47,46,73,39,99,30,48,79,58,98,49,42,79,37,62,82,30,75,38,83,33,100,50,63,55,97,44,51,80,44,37,85
decisiveness,38,83,91,51,58,87,40,86,31,61,87,34,54,46,52,92,96,32,90,85,41,79,59,60,72,61,96,49,62,30,93,72,69,89,93,49,42,64,34
confidence,76,36,80,57,60,51,60,37,81,76,54,80,41,65,67,48,56,89,53,86,87,52,35,85,76,94,72,71,49,58,36,80,71,84,35,75,50,59,53
attention_to_detail,60,61,75,78,95,45,62,71,46,62,72,49,61,72,69,65,46,55,89,97,85,90,64,37,88,100,73,39,67,97,70,94,100,97,39,98,80,45,94
creativity,87,92,98,30,86,68,72,37,32,87,92,62,43,62,82,78,66,52,33,71,64,99,86,92,57,92,94,98,69,96,96,50,53,69,56,88,60,81,76
vigilance,56,59,82,71,63,39,44,33,60,92,48,98,98,58,87,30,72,87,78,95,32,97,59,75,43,68,69,97,38,44,32,69,42,39,83,55,30,93,59
stability,77,79,50,99,58,90,91,77,98,94,60,41,30,59,61,56,66,66,85,52,31,95,56,37,89,73,41,43,43,41,83,31,61,77,35,40,32,82,41
empathy,49,63,90,42,38,71,82,39,99,70,58,36,68,50,54,91,100,100,65,91,30,42,90,46,58,86,39,67,57,52,69,55,90,60,68,66,53,68,56
creativity,73,42,95,46,84,39,53,92,58,52,30,81,41,98,37,71,49,98,41,81,50,53,92,39,81,97,51,81,64,57,66,46,90,39,97,51,88,39,55
empathy,73,91,49,32,89,51,57,61,32,91,43,83,85,74,58,53,30,93,55,36,59,74,83,50,47,57,93,59,51,41,96,69,66,40,75,98,58,42,68
decisiveness,74,65,84,73,77,74,73,58,65,32,65,66,64,76,76,72,53,94,77,59,48,73,69,87,50,76,90,83,88,32,50,72,36,80,91,62,93,87,51
confidence,99,76,61,73,96,76,46,73,83,57,42,58,65,61,37,72,76,45,74,43,35,36,92,86,54,78,65,33,66,56,98,54,73,55,93,52,92,81,96
confidence,86,74,92,44,41,94,64,66,45,87,34,63,36,35,53,91,44,52,56,42,85,95,97,60,36,99,75,99,71,43,43,72,74,84,72,69,35,73,49
decisiveness,71,60,79,92,80,57,80,57,70,35,80,65,55,35,33,41,53,59,70,47,43,79,65,44,34,81,72,94,66,46,35,40,91,68,60,52,95,50,35
creativity,95,46,97,39,87,65,91,34,49,81,45,85,50,45,96,79,46,35,100,91,49,73,62,38,64,74,66,33,82,98,79,75,95,62,46,78,68,74,81
vigilance,51,96,61,83,77,54,94,31,64,41,66,89,77,90,80,93,77,32,40,56,37,45,58,31,43,74,72,90,89,90,90,67,83,78,95,32,100,68,62
confidence,39,48,39,69,77,68,67,63,73,90,99,95,95,93,92,36,36,48,57,88,95,85,35,87,78,71,95,43,42,99,72,94,81,31,33,53,76,81,59
confidence,73,100,46,73,87,75,90,65,57,90,74,75,87,40,95,88,95,44,73,43,94,42,65,60,35,41,37,83,98,100,85,80,67,31,73,54,77,78,64
vigilance,80,31,93,99,96,66,80,39,95,68,57,80,30,41,31,75,60,75,63,69,72,82,74,76,49,84,95,65,36,69,61,51,100,32,44,39,78,88,44
creativity,85,99,94,95,85,65,52,98,65,54,54,54,32,41,47,51,34,47,30,35,66,60,46,100,60,75,40,76,71,80,37,84,84,96,90,92,86,84,78
decisiveness,91,63,40,33,71,78,47,46,64,49,45,66,30,71,92,74,82,77,67,65,79,37,36,46,69,75,71,45,72,74,94,36,39,92,50,89,63,53,89
empathy,84,34,70,94,84,57,69,68,71,50,97,31,99,86,41,56,65,74,37,65,31,68,33,57,70,65,41,71,46,47,54,32,66,81,71,79,96,64,96
decisiveness,54,74,37,51,41,84,45,87,98,47,84,35,84,30,91,87,34,47,33,49,48,32,50,69,38,48,71,48,48,53,63,47,36,93,84,68,42,33,97
decisiveness,72,39,64,94,84,40,78,46,84,91,100,52,37,60,34,31,100,92,58,37,96,50,90,46,44,83,75,77,85,68,98,71,75,93,83,60,68,37,58
attention_to_detail,78,73,50,41,39,73,73,30,48,51,80,74,72,39,38,59,85,91,81,64,97,43,70,60,41,80,36,79,80,84,76,84,83,64,49,79,63,57,81
vigilance,97,63,58,61,49,87,90,73,91,33,50,32,82,78,83,37,58,43,93,47,70,42,90,74,98,52,43,43,40,72,39,70,59,85,40,44,77,55,32
stability,45,32,99,32,60,83,45,60,86,80,94,82,45,92,88,36,48,87,37,82,38,76,52,53,51,39,74,66,56,74,32,57,48,40,51,41,51,58,98
confidence,36,81,70,89,44,63,82,51,41,95,64,83,61,58,73,43,57,70,53,57,30,91,37,63,45,39,88,68,36,66,48,34,58,30,54,86,30,79,47
attention_to_detail,70,93,32,99,52,57,30,43,64,63,60,34,82,91,64,37,57,97,80,34,83,43,90,93,70,74,65,87,54,78,96,53,91,41,81,66,80,53,71
vigilance,69,33,42,92,55,64,77,41,62,70,39,30,83,97,99,96,46,73,75,66,77,72,75,66,64,85,95,75,30,53,65,39,85,82,39,90,43,31,79
decisiveness,33,73,87,80,97,31,95,85,97,84,51,38,60,52,84,32,44,32,96,64,72,84,74,40,100,52,35,53,60,72,91,44,82,37,76,49,89,93,59
decisiveness,33,37,63,100,100,77,51,84,48,86,61,44,70,55,74,76,31,50,100,62,45,97,84,36,54,70,81,45,97,68,32,94,54,34,93,64,78,96,37
confidence,91,32,58,51,64,64,75,54,67,39,32,46,91,59,73,35,38,81,92,44,69,36,64,97,36,96,92,38,44,45,91,50,50,64,99,97,44,46,70
vigilance,74,86,93,40,95,75,51,45,79,70,94,43,71,92,95,55,66,62,52,77,86,46,36,62,86,100,62,34,78,75,93,52,100,50,52,71,60,73,52
confidence,36,33,47,83,35,64,66,65,85,74,37,38,63,52,73,81,55,54,67,41,70,74,58,69,91,81,84,30,68,87,95,73,30,43,96,90,86,96,95
vigilance,81,54,51,57,84,33,71,48,82,95,89,98,71,76,55,98,86,48,33,98,98,34,94,94,32,36,53,89,67,78,56,32,57,40,80,92,95,92,92
confidence,90,86,95,55,64,45,54,57,64,47,37,67,40,60,80,62,80,34,79,41,66,32,34,92,93,43,54,50,47,63,71,53,45,72,49,54,57,79,45
confidence,98,39,44,48,91,83,66,56,51,31,47,76,32,49,81,65,98,61,77,76,100,52,53,77,89,90,46,47,51,47,83,93,52,51,57,72,47,32,53
confidence,100,71,95,66,61,67,60,68,49,32,43,80,35,66,75,65,86,78,91,81,55,65,74,33,66,67,60,47,66,66,84,67,49,51,63,91,100,61,44
vigilance,53,83,96,61,47,33,53,44,80,90,48,46,36,37,91,59,62,49,100,53,55,94,35,96,33,93,80,56,57,56,94,60,40,100,32,93,50,88,59
vigilance,31,72,72,46,100,31,67,71,48,89,69,71,88,100,30,71,66,70,96,98,77,75,59,63,69,93,48,60,77,56,66,32,94,97,59,77,39,47,83
vigilance,33,64,52,72,88,31,92,33,36,35,80,78,53,32,72,35,84,96,66,65,64,90,73,100,61,59,36,77,32,86,97,96,84,82,97,31,94,55,53
stability,33,31,44,52,85,50,83,92,60,47,32,78,37,92,56,51,80,36,32,46,32,58,84,88,53,48,63,44,66,86,68,69,30,75,53,58,85,90,31
stability,50,77,52,30,32,45,98,64,45,46,96,34,97,84,44,86,43,38,59,47,88,88,60,42,53,44,44,96,42,47,31,77,74,43,69,98,66,55,87
creativity,37,82,80,62,60,66,42,62,50,73,60,68,71,90,80,93,88,83,83,37,79,100,40,60,85,74,81,65,62,91,73,39,87,72,57,69,74,44,94
stability,42,92,96,36,60,65,77,58,51,75,93,100,46,43,95,53,86,41,84,76,63,48,74,50,74,48,72,47,95,41,57,79,94,42,70,58,64,60,48
empathy,88,48,74,31,87,80,92,86,68,82,90,46,84,89,84,56,74,66,44,63,59,41,31,57,49,84,77,53,82,60,64,46,75,31,36,49,47,67,68
empathy,92,49,97,30,39,49,43,36,69,89,38,42,43,63,37,30,38,91,37,67,50,58,96,79,33,99,51,34,76,64,48,54,82,77,99,51,57,72,70
confidence,88,77,58,85,76,80,55,33,58,58,76,80,70,96,94,37,47,68,45,75,68,52,80,81,82,82,83,95,32,54,90,56,53,39,49,98,32,48,49
confidence,90,77,42,54,87,45,32,67,35,84,48,35,82,64,71,88,63,45,60,48,84,57,77,50,83,66,51,81,87,53,98,61,94,53,38,75,80,96,94
attention_to_detail,87,61,99,43,98,92,76,88,73,94,89,45,87,54,93,48,58,68,39,88,31,45,43,67,75,54,39,39,52,100,81,95,84,79,35,62,66,30,79
creativity,32,92,96,80,35,91,41,58,37,39,88,41,31,96,100,54,71,94,36,93,80,56,33,53,49,49,52,68,37,34,48,37,59,89,71,37,39,49,47
empathy,60,87,80,87,63,32,70,66,81,33,62,73,52,67,64,44,67,93,41,58,38,67,65,74,49,84,82,69,55,79,73,46,77,95,95,59,60,62,49
stability,59,82,98,39,75,42,37,79,36,59,45,89,39,50,80,68,76,42,97,75,39,76,34,86,48,66,55,61,97,65,37,96,73,88,37,97,42,47,59
empathy,86,49,66,47,86,36,52,52,48,32,78,51,32,79,60,47,40,87,41,56,95,81,52,44,54,31,71,67,67,69,95,97,50,55,43,61,72,78,33
vigilance,93,78,72,62,86,73,38,66,36,53,32,84,86,89,99,40,40,71,67,67,58,69,88,81,80,71,76,53,66,66,44,58,44,37,60,72,87,57,71
confidence,83,52,35,95,50,54,64,37,53,60,65,74,60,94,89,54,68,93,91,67,46,67,62,71,43,89,91,37,94,37,92,82,69,59,67,95,65,79,89
creativity,38,68,85,72,47,91,64,68,50,89,47,90,53,80,87,89,35,67,97,32,86,67,46,83,69,77,47,86,72,83,86,80,43,70,39,85,39,54,86
decisiveness,85,100,93,34,74,78,99,86,50,45,32,42,46,85,83,44,82,63,37,66,79,35,86,49,59,55,70,56,84,74,75,50,94,72,69,64,35,76,76
decisiveness,54,93,45,79,92,97,93,61,76,96,66,91,88,73,53,59,54,39,42,95,61,76,95,35,49,69,64,78,42,51,100,52,64,57,100,70,71,97,48
empathy,90,49,85,66,71,45,40,60,45,62,51,46,72,82,71,40,38,82,77,88,61,62,39,68,71,84,37,36,57,69,51,86,51,37,76,53,94,53,98
vigilance,49,43,72,98,93,99,44,45,74,45,84,47,60,95,89,81,99,95,79,76,30,64,73,93,93,66,91,83,30,39,77,69,38,65,36,96,72,83,83
decisiveness,73,33,73,86,35,88,75,71,58,56,97,33,58,65,42,44,58,49,69,100,69,41,40,68,53,100,49,41,51,39,99,74,81,59,76,71,95,87,84
empathy,47,67,44,32,64,63,86,61,58,91,99,63,52,77,33,87,31,66,85,63,70,95,82,77,91,55,30,95,82,82,75,54,88,92,64,61,48,78,57
empathy,86,69,94,81,95,50,40,84,71,43,78,56,62,52,30,45,93,84,74,84,69,98,59,34,69,61,58,81,48,65,71,73,92,58,63,86,67,91,69
stability,65,88,47,35,68,77,96,88,83,50,80,32,31,88,45,33,66,33,44,40,82,98,50,67,91,65,60,44,79,61,81,94,51,83,34,38,92,96,85
decisiveness,54,42,65,62,72,67,93,74,72,95,62,87,62,52,87,70,66,31,45,31,38,41,94,60,97,95,76,66,43,31,74,82,84,61,90,68,39,86,40
vigilance,61,94,66,89,79,40,62,94,62,51,63,51,96,89,36,92,55,40,33,95,94,56,92,70,76,96,33,70,93,61,92,38,72,84,49,85,31,70,77
vigilance,30,69,33,40,93,71,87,64,62,94,58,43,100,92,35,58,98,52,79,46,76,54,53,96,40,91,99,94,89,82,33,82,85,40,34,89,71,72,43
empathy,48,55,54,94,68,82,42,98,99,73,83,45,70,93,30,53,70,68,71,30,69,97,57,74,63,46,31,59,49,87,49,36,87,76,49,62,60,85,38
confidence,47,51,72,80,90,96,56,39,45,57,94,79,97,44,67,46,76,66,75,55,37,95,49,31,90,67,51,65,55,77,32,57,88,63,82,100,98,76,41
decisiveness,81,52,55,71,70,98,48,31,93,86,73,52,56,96,40,31,96,44,61,44,30,100,39,65,99,96,57,87,85,42,63,51,58,50,52,31,87,70,77
vigilance,87,95,65,85,39,69,31,42,45,62,32,74,60,36,56,58,65,30,48,56,66,51,83,44,40,84,89,58,81,52,42,54,70,35,82,53,36,71,89
creativity,34,34,77,82,59,41,65,85,83,60,87,67,39,99,57,35,86,83,59,50,56,40,82,33,60,66,93,76,36,33,77,49,58,83,82,30,50,73,40
stability,75,71,76,83,59,52,52,53,70,35,90,83,97,93,67,76,75,30,44,65,55,87,62,65,82,90,72,40,45,91,79,45,80,82,67,74,75,75,59
attention_to_detail,52,56,40,61,49,56,32,53,34,85,55,44,63,88,97,35,82,58,96,87,50,37,65,99,41,43,65,37,47,88,73,88,31,81,69,67,64,80,36
decisiveness,39,61,35,36,76,94,85,56,31,72,93,71,57,92,77,41,52,78,75,90,80,36,54,35,72,84,58,81,95,91,93,34,36,87,56,71,43,89,81
attention_to_detail,53,49,82,91,55,79,66,38,50,71,48,62,97,48,52,56,61,78,99,97,61,85,89,88,55,41,79,96,61,44,86,80,47,56,62,59,85,74,87
empathy,30,46,70,43,86,97,91,53,43,78,59,48,67,59,62,78,58,62,97,94,97,89,40,44,60,76,96,90,51,82,88,60,35,72,30,55,81,78,97
empathy,46,47,78,45,79,62,38,57,46,46,88,57,73,43,86,73,45,49,31,98,35,80,30,83,36,71,37,78,82,45,66,92,47,98,91,73,99,49,41
creativity,52,44,91,69,49,77,83,58,73,85,91,37,58,79,81,91,76,49,77,57,58,57,41,92,73,88,30,74,79,73,76,97,52,81,45,86,85,80,74
empathy,80,50,86,37,95,45,62,69,62,46,65,93,94,77,96,56,48,46,40,97,78,74,36,32,48,37,90,87,49,78,91,53,97,34,79,63,59,48,76
confidence,45,91,92,94,52,81,40,99,50,48,36,89,100,61,40,77,79,58,81,44,68,63,89,57,69,91,73,92,80,79,74,84,42,75,61,44,70,91,98
creativity,97,53,88,55,85,76,99,40,69,76,38,80,62,46,82,80,41,55,96,62,39,95,99,100,69,98,77,99,66,77,67,45,97,35,93,84,40,99,82
decisiveness,71,38,76,68,31,82,63,77,94,84,49,66,44,30,99,67,53,42,37,30,34,81,32,66,36,87,100,84,96,36,75,47,53,48,65,52,72,36,65
decisiveness,43,73,51,40,47,77,45,71,73,42,79,76,65,34,52,98,90,42,50,90,61,93,100,68,57,33,79,65,67,81,83,54,81,84,57,51,58,60,82
creativity,60,54,82,72,48,55,72,73,74,78,78,44,47,64,76,46,68,71,34,84,84,64,35,32,85,56,87,55,80,85,40,60,39,36,99,75,47,55,56
decisiveness,42,59,62,60,67,53,45,89,83,79,50,51,77,97,40,34,69,37,68,87,67,89,50,56,68,57,79,36,43,72,80,86,91,57,40,53,79,93,76
stability,46,75,43,71,95,93,34,65,77,35,39,55,57,92,55,41,34,92,52,90,100,45,61,57,54,62,82,54,75,46,90,66,41,43,33,67,50,46,99
confidence,59,98,43,53,82,45,62,53,68,50,92,54,80,43,64,94,72,69,79,32,61,98,67,92,96,72,90,73,41,40,88,73,43,88,94,50,32,55,66
confidence,98,47,55,71,74,66,63,70,82,82,63,69,99,70,88,68,37,71,47,57,89,69,44,48,99,90,39,90,73,98,93,100,53,94,76,73,76,78,85
empathy,51,99,73,52,75,30,55,35,73,56,30,93,62,64,80,38,34,31,88,66,48,33,87,34,98,31,43,74,85,70,78,83,43,87,45,63,43,66,63
stability,60,95,87,74,58,52,32,57,100,58,79,93,50,73,62,47,82,35,59,57,62,62,48,42,40,78,48,94,69,98,55,95,79,30,81,39,73,70,86
vigilance,83,50,93,52,79,66,40,36,71,64,50,51,34,99,32,35,31,36,81,46,92,96,64,80,88,35,36,91,59,88,33,38,59,31,76,45,67,76,50
attention_to_detail,36,77,83,50,35,74,53,53,45,52,30,32,60,63,39,52,82,45,45,36,75,70,88,93,47,81,75,51,59,46,61,58,65,65,94,85,47,81,42
attention_to_detail,58,64,75,48,90,68,95,61,39,62,95,87,78,71,32,87,47,70,97,65,59,91,91,69,79,60,97,86,36,42,45,85,58,89,55,43,85,81,44
vigilance,86,66,64,93,95,59,76,100,99,72,80,69,59,97,75,74,38,72,87,92,31,90,80,43,72,84,38,78,79,76,79,53,32,72,46,41,81,70,90
vigilance,61,63,62,52,60,39,30,35,99,98,84,42,77,36,36,90,58,92,78,37,51,59,53,55,78,81,93,93,84,70,93,94,80,55,95,78,36,81,85
confidence,40,63,48,58,77,90,84,48,61,79,82,56,99,62,53,95,38,31,63,95,68,38,32,79,78,97,86,73,53,46,54,88,49,67,74,71,89,40,56
stability,46,44,78,39,85,86,92,54,73,95,50,68,99,39,75,81,78,99,44,74,71,99,47,49,62,55,39,90,56,69,91,83,45,96,77,99,57,92,55
attention_to_detail,67,97,64,77,81,39,65,80,67,64,37,53,65,72,45,35,59,99,34,98,56,60,78,58,42,62,75,31,94,71,71,36,95,59,51,58,60,71,48
stability,96,38,37,81,81,80,87,85,98,53,40,95,34,94,82,69,54,69,42,35,47,96,93,89,70,51,73,76,88,54,87,40,60,62,85,49,76,36,92
decisiveness,36,80,96,99,98,72,55,95,50,91,72,66,49,52,85,89,49,98,86,56,50,81,76,77,70,30,30,30,43,57,90,69,96,82,78,86,61,64,62
decisiveness,51,63,48,48,73,33,56,33,71,63,62,56,79,50,42,68,78,34,65,43,60,31,69,77,54,84,82,42,32,83,93,72,53,72,75,99,61,53,97
creativity,47,58,45,49,86,83,31,34,47,46,99,82,69,88,48,38,89,60,76,75,39,79,100,92,47,78,48,77,93,30,59,41,78,43,85,63,36,48,74
creativity,99,59,32,88,90,49,35,61,86,84,82,77,76,87,47,57,41,86,71,48,36,31,88,55,95,96,60,79,68,39,75,99,41,61,93,45,44,63,72
attention_to_detail,88,81,46,56,38,45,65,88,78,35,71,37,46,76,96,59,46,43,85,64,61,89,85,67,65,66,99,43,47,43,68,87,82,33,67,83,94,72,96
creativity,77,52,55,60,66,46,48,55,72,91,94,53,31,96,39,55,31,57,41,56,34,97,87,83,60,70,88,37,32,42,78,72,53,90,30,79,62,91,67
creativity,98,92,32,38,54,54,73,47,34,64,96,38,93,57,98,73,80,45,49,31,87,59,68,46,32,38,38,34,91,36,40,59,67,82,83,69,78,31,61
attention_to_detail,39,58,99,46,84,93,71,96,98,69,86,35,74,35,50,93,71,64,54,53,65,61,55,79,63,40,75,40,86,31,68,62,30,59,75,62,72,47,51
vigilance,48,96,81,62,72,45,30,94,31,53,71,59,31,66,47,36,54,70,32,66,95,37,57,67,55,62,81,64,54,53,99,32,96,96,67,74,54,77,71
attention_to_detail,44,73,95,87,40,94,41,55,74,88,34,55,78,63,37,77,47,86,60,34,99,40,35,93,69,99,37,93,72,80,30,94,40,72,37,55,74,48,64
decisiveness,79,98,51,57,85,43,89,96,59,57,81,61,59,35,86,57,89,71,81,54,65,42,59,40,94,52,58,32,56,50,72,31,97,50,92,75,43,46,80
creativity,70,60,66,97,58,90,40,77,62,66,97,54,64,97,69,94,79,66,71,67,76,56,31,72,49,55,65,56,83,45,49,59,90,57,63,41,93,46,47
creativity,93,93,55,36,96,54,89,72,52,30,35,94,49,86,74,66,70,50,70,44,81,63,48,36,83,83,49,50,54,30,93,41,44,88,77,63,98,81,41
creativity,72,48,100,66,61,94,65,73,36,50,37,65,58,54,74,83,81,74,33,86,42,34,64,91,63,36,32,72,39,60,88,57,85,40,65,47,42,50,31
confidence,55,68,73,69,77,79,86,97,82,53,95,41,61,33,70,75,94,64,58,81,93,62,47,67,59,90,76,92,89,81,39,58,38,52,89,87,64,40,57
confidence,82,65,36,90,70,69,94,99,49,63,51,44,93,70,61,93,37,83,63,92,88,44,57,30,94,87,87,79,35,57,33,67,99,74,62,94,63,67,45
vigilance,80,54,72,96,53,88,70,82,86,35,35,33,64,33,97,89,66,55,100,57,49,85,51,80,75,87,57,81,96,76,61,78,83,32,79,93,57,50,70
vigilance,93,100,40,100,90,92,53,37,82,91,92,50,48,34,74,98,56,71,38,80,44,81,87,88,48,47,92,77,35,85,30,75,47,39,67,54,38,81,34
confidence,61,51,50,48,50,92,90,90,50,62,51,31,87,84,92,32,89,95,93,79,86,98,97,49,51,40,89,81,73,68,90,52,55,72,42,49,95,92,40
decisiveness,95,86,98,44,37,57,36,97,71,57,60,58,40,86,87,32,68,42,93,31,58,96,75,46,52,93,97,90,53,63,64,64,59,61,87,50,65,67,86
creativity,57,64,73,47,87,43,94,87,58,52,81,100,97,37,51,74,58,89,72,85,74,45,80,59,71,50,76,59,80,49,33,34,71,66,69,92,93,54,89
creativity,92,52,36,32,69,63,58,30,89,62,91,87,52,68,86,98,68,80,58,31,48,37,33,40,73,65,67,50,55,31,47,80,49,53,75,56,39,59,83
decisiveness,66,67,73,31,37,88,35,34,66,65,85,61,31,61,99,45,33,37,83,31,40,93,40,63,55,60,64,63,33,86,68,51,64,38,88,64,84,51,55
empathy,83,37,63,93,92,43,100,52,94,93,98,90,92,89,87,47,63,63,65,53,84,66,37,58,32,63,55,93,87,77,68,40,88,61,57,37,82,89,30
creativity,51,43,44,40,38,35,69,79,84,68,56,89,86,85,74,57,53,53,68,40,55,36,97,62,81,87,48,85,92,66,43,72,67,49,53,78,42,78,45
empathy,35,64,46,31,56,92,66,40,39,31,93,81,58,52,85,58,31,96,54,58,99,37,80,83,37,53,57,89,31,56,61,40,80,99,42,45,56,32,51
decisiveness,73,70,55,79,54,86,37,93,77,98,56,65,62,49,92,76,48,32,91,41,98,67,44,69,49,33,72,79,96,100,80,99,93,48,93,41,84,51,100
decisiveness,44,83,93,88,48,47,78,68,47,44,31,32,97,53,44,87,63,70,43,37,74,70,83,78,76,34,51,88,78,59,95,78,56,60,82,61,73,61,38
confidence,38,37,30,79,90,77,75,100,72,80,38,69,82,58,59,41,80,51,61,34,83,57,96,63,43,89,38,34,73,89,87,74,30,69,88,56,65,46,66
stability,83,57,97,69,58,92,98,43,94,74,85,82,47,40,68,84,33,99,84,83,61,54,71,77,76,72,90,53,96,92,71,41,95,62,84,93,62,87,98
attention_to_detail,33,64,74,95,91,65,59,35,65,41,68,98,92,83,98,94,37,56,31,65,51,79,77,56,58,91,98,96,62,51,44,56,55,61,34,76,39,72,60
stability,69,52,57,96,92,77,72,80,51,83,99,87,79,58,67,94,58,45,64,73,61,88,88,54,67,65,39,32,69,72,45,46,34,76,45,98,45,72,44
empathy,38,92,86,47,68,34,83,30,72,81,43,43,88,39,88,46,56,42,99,65,61,74,39,100,31,69,81,48,51,52,72,44,82,97,43,77,36,92,83
confidence,83,86,92,47,80,52,57,60,65,92,44,56,78,31,71,71,81,33,55,51,96,58,67,34,49,55,53,54,82,37,79,82,51,89,59,60,82,41,68
stability,69,75,84,36,39,76,93,67,47,65,86,32,94,40,79,99,39,86,65,58,50,39,99,80,88,56,58,100,79,93,49,70,91,61,83,85,49,96,30
confidence,77,45,57,52,34,80,33,38,75,54,30,58,46,100,33,89,45,65,88,62,92,59,69,65,53,44,74,69,81,84,66,58,53,30,41,74,95,81,45
empathy,96,71,87,48,81,85,88,54,48,84,46,89,81,74,60,92,58,56,66,49,94,99,70,39,47,81,65,88,53,38,30,79,67,99,41,85,86,48,46
vigilance,41,63,69,48,39,96,36,97,30,74,98,95,69,57,46,67,87,64,61,82,68,56,58,57,64,45,46,61,45,61,74,58,99,50,48,35,89,86,70
vigilance,34,100,30,50,49,89,98,87,75,40,40,87,56,80,39,68,64,53,63,97,75,53,67,93,44,55,100,52,37,80,99,100,68,78,41,79,50,72,95
confidence,45,55,51,35,88,85,33,89,38,77,46,43,77,59,82,70,93,81,96,54,34,39,56,63,44,52,71,69,52,89,75,41,53,73,73,43,85,31,68
vigilance,84,60,60,32,71,89,91,91,50,43,63,52,39,67,35,91,93,85,45,92,73,58,78,59,35,99,64,75,38,39,82,94,30,82,57,86,75,46,42
decisiveness,44,84,91,40,55,96,85,45,30,35,100,57,82,75,53,65,64,43,41,95,65,41,43,30,89,58,60,66,94,98,93,93,38,81,94,69,33,30,80
confidence,86,83,98,53,84,45,65,70,65,73,84,61,55,43,54,93,69,51,71,44,42,87,34,55,85,95,93,51,61,45,68,38,31,59,47,33,55,40,98
attention_to_detail,35,69,78,82,66,64,53,35,93,49,54,45,32,90,89,55,46,84,50,87,34,95,91,48,63,100,77,54,39,89,67,51,55,31,72,71,43,79,74
creativity,53,31,85,52,75,46,78,57,37,62,44,66,98,86,81,54,55,94,99,46,68,39,45,82,41,35,84,84,50,96,44,88,58,41,48,82,94,47,43
attention_to_detail,90,39,90,48,86,92,95,77,41,77,35,48,63,43,35,50,40,55,40,74,57,60,87,97,100,86,46,83,40,61,85,93,39,85,55,43,61,97,63
attention_to_detail,97,68,50,67,47,36,64,53,59,62,32,40,84,46,52,95,43,70,41,59,89,73,42,35,90,95,44,60,61,71,67,38,38,86,63,50,77,67,88
creativity,39,37,85,76,50,99,61,62,75,88,39,48,81,50,78,95,89,52,88,99,44,100,38,57,47,93,95,97,89,87,92,77,56,41,83,100,66,51,75
attention_to_detail,80,81,64,48,60,66,87,79,35,40,58,94,98,80,81,71,60,96,40,96,71,44,84,53,60,56,92,80,93,43,91,93,94,35,57,67,61,36,44
attention_to_detail,76,39,44,66,33,80,89,96,36,32,62,88,77,73,89,64,39,98,33,72,59,62,73,35,44,60,60,83,39,42,65,84,95,67,81,91,48,97,49
confidence,68,60,68,69,58,67,94,67,94,41,90,67,74,49,69,55,100,91,86,87,96,60,38,51,64,92,96,68,82,46,82,32,77,72,46,40,32,88,48
stability,88,93,100,96,49,70,84,42,49,50,31,84,85,78,89,65,55,87,91,42,82,44,31,46,92,40,52,100,77,66,75,62,78,57,83,57,59,68,42
stability,33,75,30,83,51,39,77,48,37,38,73,69,43,61,53,45,74,56,94,60,58,73,98,90,66,37,30,51,81,38,30,100,37,92,73,43,32,72,51
vigilance,84,82,74,90,38,80,77,74,89,71,96,68,66,96,87,73,42,33,58,40,65,94,50,72,96,93,52,55,36,42,81,63,69,38,40,74,92,31,100
stability,72,100,89,77,30,42,64,59,46,82,100,48,73,88,89,48,78,61,40,58,75,87,35,83,97,49,96,43,38,56,87,83,38,65,64,80,83,50,67
vigilance,78,73,61,78,95,43,65,40,40,83,46,79,37,66,61,30,65,67,79,54,31,72,65,82,37,56,85,84,54,36,85,71,42,73,54,91,43,39,65
confidence,77,79,65,77,37,85,61,53,78,91,32,37,36,96,34,89,42,30,83,88,63,71,71,35,76,47,54,92,55,63,43,64,40,77,67,78,64,80,83
empathy,48,38,98,100,54,46,51,47,59,41,85,69,70,89,55,53,66,49,94,84,66,73,36,84,62,40,95,55,42,53,44,90,55,58,57,78,85,88,85
decisiveness,90,30,68,42,77,65,35,30,92,71,64,65,30,79,47,44,85,59,51,88,37,81,63,43,93,72,63,44,64,66,75,63,51,41,77,97,86,76,33
empathy,50,81,68,77,49,88,97,40,69,81,42,35,81,65,81,94,45,72,84,95,58,92,61,87,52,61,49,71,98,72,91,74,98,94,43,84,33,63,77
stability,83,42,39,70,74,54,41,57,52,85,69,80,82,68,47,32,61,56,95,59,93,72,54,45,60,100,47,86,57,44,89,45,96,51,65,57,31,92,76
empathy,85,88,35,87,95,52,71,75,86,53,49,54,63,69,82,88,64,55,95,65,54,37,63,59,88,58,56,84,40,36,57,95,44,49,93,61,66,63,90
creativity,87,32,41,58,83,67,85,89,74,32,42,38,94,58,69,43,95,83,77,35,72,49,61,44,79,81,62,93,34,87,80,87,49,61,46,65,92,39,63
attention_to_detail,96,56,35,38,59,75,64,59,61,72,50,48,79,66,78,31,87,52,77,76,62,97,31,39,32,32,54,75,32,46,87,65,65,83,54,75,44,77,34
vigilance,52,79,95,89,64,78,76,55,55,41,85,94,58,64,97,99,34,100,67,43,99,50,88,50,38,59,70,53,81,98,48,82,44,60,32,51,86,89,43
attention_to_detail,98,59,80,60,32,94,63,51,54,82,60,52,66,56,70,61,60,39,35,95,42,57,64,35,30,82,73,78,87,67,65,39,96,66,38,56,68,63,56
empathy,48,57,91,86,75,63,82,99,57,60,87,67,62,88,60,77,36,73,34,55,42,60,52,99,55,85,96,39,45,50,65,72,60,99,38,84,79,56,31
creativity,43,83,39,77,48,68,70,50,90,74,34,93,52,65,54,76,33,52,73,96,83,42,51,36,82,32,84,97,33,78,31,86,98,39,34,57,81,84,37
decisiveness,37,72,48,62,39,98,99,99,85,30,68,79,61,69,78,63,71,54,77,42,89,82,81,57,76,96,62,31,38,71,93,98,58,72,84,51,36,69,99
confidence,100,45,94,47,46,69,78,76,70,59,44,62,87,38,80,85,50,79,30,42,39,38,84,54,30,37,83,45,50,43,30,32,97,93,41,48,59,83,61
creativity,50,44,52,90,71,92,100,95,88,43,90,31,62,83,84,55,93,38,98,78,30,61,41,38,56,76,34,58,47,70,53,100,35,66,62,32,35,31,97
creativity,49,30,73,92,70,78,94,62,74,91,31,42,62,81,75,90,54,45,91,36,60,35,55,96,70,54,52,97,57,100,87,82,38,59,69,69,75,40,59
decisiveness,38,75,91,39,51,85,39,76,74,86,62,51,53,92,46,81,60,43,50,45,87,36,34,79,45,71,37,78,89,99,58,98,41,89,56,71,61,44,38
vigilance,34,60,65,68,30,38,65,34,88,96,32,98,44,42,90,64,34,60,91,76,74,58,53,61,99,73,40,72,50,54,52,74,63,67,80,47,75,97,35
attention_to_detail,32,53,30,36,97,88,36,43,95,57,58,63,92,88,57,92,63,81,56,39,89,90,78,77,54,78,60,97,67,33,65,90,87,46,96,50,62,41,31
vigilance,94,50,58,33,56,38,94,85,69,68,89,75,83,69,58,65,33,71,42,37,60,82,61,33,70,89,51,63,89,85,50,61,79,30,66,87,70,67,96
confidence,88,92,53,95,68,41,68,91,64,49,94,88,54,59,68,100,89,71,35,52,89,51,30,68,37,76,74,56,53,39,35,85,99,72,41,54,36,51,88
confidence,50,56,75,33,94,32,45,79,62,59,74,66,96,69,70,74,64,69,57,50,31,50,100,65,76,93,81,40,79,82,89,94,50,92,31,58,77,90,96
empathy,75,88,47,32,56,99,81,64,77,60,97,32,33,89,52,88,66,100,96,71,88,90,90,35,45,34,63,96,54,91,97,78,56,41,67,51,93,32,92
stability,38,40,90,30,60,88,76,86,83,63,41,37,89,88,44,97,97,74,32,51,94,75,79,66,72,48,59,71,61,31,79,95,80,34,55,58,63,48,100
decisiveness,44,48,100,59,30,60,36,38,79,58,96,82,75,59,33,97,43,81,66,68,54,52,55,34,44,48,89,82,31,41,100,73,54,68,92,62,98,98,58
vigilance,31,38,79,50,84,68,90,55,91,43,30,91,94,92,34,95,35,60,86,45,50,66,88,62,60,98,92,49,66,86,98,83,36,82,36,58,67,98,70
vigilance,95,72,78,49,89,33,49,100,44,85,66,59,45,82,32,99,50,63,55,33,72,96,81,39,64,41,78,38,86,49,93,92,46,94,56,36,79,70,78
vigilance,78,84,72,83,93,59,80,62,89,63,34,81,91,100,93,48,65,36,72,99,77,50,65,36,45,77,90,82,58,70,37,72,87,40,85,88,78,42,31
empathy,49,55,94,45,33,55,63,43,83,83,85,99,38,65,70,43,92,94,48,68,88,35,35,47,50,98,96,39,50,95,40,49,45,35,39,64,59,90,39
creativity,35,31,82,72,79,61,46,87,35,89,93,41,41,51,74,88,33,82,70,39,51,51,47,30,57,95,52,66,76,36,87,78,83,82,81,98,89,84,62
stability,73,46,71,47,96,39,50,98,76,73,60,93,65,48,47,81,61,73,94,31,98,78,36,39,69,62,69,73,38,67,96,43,68,72,81,42,34,50,82
stability,73,72,97,94,86,91,41,80,100,76,85,65,39,51,65,43,54,42,99,32,61,40,36,72,79,70,97,78,49,39,100,94,69,49,93,59,93,57,49
attention_to_detail,100,36,100,42,65,48,53,87,69,97,49,33,30,34,41,49,80,61,96,89,59,96,50,78,73,91,74,97,92,38,31,68,69,94,95,70,81,62,30
vigilance,89,50,97,40,33,55,40,47,77,73,99,38,36,60,87,61,75,66,68,74,91,49,53,62,35,54,34,48,76,35,81,100,82,83,32,68,59,60,38
confidence,50,50,40,93,52,36,86,40,100,61,53,72,60,75,70,59,60,88,41,73,84,35,59,51,45,75,51,34,100,96,41,88,76,71,96,56,46,77,87
stability,88,78,54,88,73,55,100,100,83,50,78,37,72,98,72,71,88,65,71,40,56,39,48,57,42,73,94,82,53,31,83,34,67,54,41,98,85,53,74
decisiveness,47,78,58,93,84,93,55,82,77,90,76,49,59,61,57,59,40,80,62,62,44,96,40,91,39,33,55,74,31,74,44,49,84,89,40,43,69,77,91
attention_to_detail,46,55,97,74,86,43,46,99,60,42,98,47,93,42,84,90,75,98,45,89,42,66,45,77,50,33,58,57,33,64,37,75,45,45,93,38,64,57,77
decisiveness,62,66,50,88,82,74,66,83,66,44,100,76,86,34,82,63,45,70,70,45,32,30,72,45,34,53,85,93,69,59,80,56,100,89,56,52,32,53,75
creativity,59,61,93,75,96,65,99,56,91,50,47,41,52,35,61,68,47,53,78,51,62,66,77,81,53,95,87,52,74,40,74,89,68,96,55,37,86,63,76
creativity,33,86,90,92,64,65,60,76,90,36,59,94,48,63,69,56,83,75,62,84,54,74,51,77,44,100,49,76,88,91,86,43,97,46,45,87,55,57,48
vigilance,30,39,80,59,80,61,66,84,43,70,37,35,36,77,98,34,43,39,30,55,48,63,42,68,79,79,72,85,57,86,55,30,67,53,64,68,80,71,93
stability,86,74,61,39,36,89,62,73,46,100,68,55,59,49,35,69,66,45,100,94,45,56,69,90,96,83,71,70,68,31,89,91,66,67,98,52,37,88,44
vigilance,44,60,76,67,90,92,48,40,48,64,36,64,70,82,52,76,98,74,52,42,51,35,90,77,83,33,58,78,95,64,64,31,94,39,32,43,64,33,73
empathy,31,93,95,60,79,70,87,94,56,83,45,92,82,95,61,91,49,62,64,55,42,85,45,36,76,54,48,34,73,34,96,71,36,59,51,32,63,64,86
creativity,43,90,35,88,60,56,52,84,41,85,38,30,91,87,86,65,73,99,86,100,65,74,68,69,57,86,75,66,73,30,67,43,95,90,85,50,87,35,58
attention_to_detail,98,76,40,72,83,72,94,59,52,94,76,57,40,31,65,65,61,37,77,72,63,90,81,37,48,55,95,93,44,68,60,53,37,76,38,33,32,42,80
empathy,100,75,52,57,99,54,34,73,82,48,84,64,96,69,58,65,39,90,66,33,86,66,66,47,56,45,76,37,93,57,56,87,34,89,36,51,90,74,91
vigilance,66,95,77,30,86,85,66,42,30,41,49,43,79,83,82,70,73,36,42,94,69,88,96,98,93,57,74,94,63,65,59,86,51,47,75,43,36,74,48
decisiveness,88,85,37,84,52,95,46,40,70,53,56,57,55,41,70,54,48,52,76,42,60,76,74,62,93,49,74,47,97,49,66,72,84,49,35,49,33,55,39
creativity,89,93,83,62,58,32,70,43,88,77,45,92,74,91,57,80,78,70,35,44,81,82,88,88,79,64,32,68,54,58,41,72,98,77,88,54,54,39,73
decisiveness,59,94,80,95,68,37,72,51,95,87,94,74,30,40,77,59,83,85,39,60,58,62,87,89,55,75,35,98,64,41,61,83,44,74,51,56,46,36,75
empathy,62,52,96,85,67,54,98,41,88,61,91,40,95,62,53,52,75,82,38,87,33,66,70,71,86,86,42,49,33,34,31,51,32,43,90,89,73,99,82
decisiveness,67,98,55,78,32,68,62,55,51,32,51,72,67,93,49,57,86,53,82,71,89,60,47,77,49,60,85,68,41,51,56,84,55,71,32,92,55,88,59
creativity,35,39,82,67,81,89,49,49,73,91,75,46,82,41,81,62,68,39,43,95,72,83,95,71,77,62,77,30,85,34,89,44,62,74,40,71,50,75,96
confidence,77,88,91,47,99,81,45,82,77,30,66,63,74,50,50,46,40,72,86,34,72,71,94,38,52,64,96,80,33,32,89,64,60,45,61,38,33,63,52
empathy,76,96,63,33,41,87,74,74,46,61,85,56,62,43,62,36,38,39,35,79,30,92,62,92,70,80,40,30,69,35,63,67,52,47,74,100,86,35,57
decisiveness,59,40,84,34,65,51,80,63,44,42,100,79,94,69,38,57,69,97,44,42,67,84,57,65,80,58,81,86,93,56,49,45,79,52,54,67,55,50,84
stability,75,56,38,79,75,33,46,85,48,97,64,36,47,86,31,68,53,79,84,39,53,38,93,32,76,44,85,71,30,47,36,69,85,67,95,37,95,41,65
attention_to_detail,61,100,75,37,51,49,67,100,57,100,43,47,44,45,43,75,76,62,79,44,69,47,73,58,69,88,51,32,68,96,77,80,57,58,59,34,68,90,99
vigilance,60,32,75,50,90,50,76,71,72,67,74,69,60,83,33,56,42,67,65,83,57,93,99,30,74,38,67,65,57,96,88,60,86,46,43,93,95,52,96
decisiveness,64,51,75,80,52,35,66,73,34,49,64,44,54,40,39,84,93,83,49,31,36,91,33,96,30,40,84,70,38,76,99,53,48,99,47,67,30,67,93
vigilance,98,81,60,37,76,68,88,54,72,65,69,47,72,86,48,47,81,58,90,98,99,63,98,61,98,79,38,87,39,95,92,81,100,71,80,85,57,92,57
vigilance,35,51,48,39,65,91,88,59,81,77,63,70,41,66,84,58,43,78,31,64,99,48,53,67,68,40,86,33,89,61,79,60,75,56,95,99,66,72,72
stability,33,60,68,76,83,56,70,97,46,94,45,35,85,32,96,69,76,32,61,90,66,76,80,61,51,60,46,79,79,77,99,61,54,62,76,54,98,87,95
creativity,89,45,94,97,36,85,98,51,63,45,93,36,54,83,95,33,57,45,95,75,81,99,64,86,64,83,42,43,34,49,76,44,33,53,91,32,92,66,84
empathy,69,36,89,80,95,31,61,89,100,91,80,77,49,52,87,42,45,94,74,88,35,90,68,68,81,58,85,78,76,61,50,48,75,32,66,36,39,70,76
attention_to_detail,97,51,67,57,37,70,56,93,84,55,99,79,47,65,61,73,96,44,71,63,53,79,33,54,55,57,52,69,95,88,53,82,79,93,82,63,87,84,59
decisiveness,75,59,30,74,92,75,72,77,53,30,48,97,50,92,61,37,41,63,34,99,40,47,51,51,73,34,99,57,46,58,30,35,37,69,90,57,58,59,72
decisiveness,37,64,53,64,67,80,58,93,96,30,45,98,97,41,43,55,43,67,99,54,62,95,100,89,80,51,30,91,42,40,79,79,41,58,51,87,80,41,61
empathy,49,80,45,87,97,46,90,54,54,50,60,80,95,56,51,95,41,83,67,71,57,30,89,94,37,56,76,77,50,54,64,82,31,61,40,57,70,34,32
stability,74,100,49,78,78,75,84,63,46,53,83,46,92,55,59,77,74,75,80,48,85,53,70,86,94,71,31,97,45,40,61,94,57,70,50,69,53,84,59
stability,34,55,73,95,36,64,72,36,77,95,30,46,67,55,87,69,34,32,81,57,30,91,62,98,59,92,73,58,78,62,43,41,97,54,84,74,59,87,73
empathy,96,33,52,87,80,55,58,53,34,91,46,90,66,51,75,39,82,31,73,34,70,72,30,93,69,60,53,64,75,46,50,95,41,36,67,52,44,68,51
decisiveness,75,98,61,100,30,76,95,58,73,94,63,56,44,47,72,93,90,42,56,54,77,87,39,57,56,55,63,95,93,61,65,86,30,87,49,78,69,63,67
stability,70,46,36,33,56,100,50,94,82,79,76,98,51,99,66,80,77,58,95,59,94,81,90,53,55,87,37,77,70,77,45,100,52,81,63,50,37,56,79
creativity,62,39,73,49,98,41,38,99,89,51,95,86,74,61,30,80,98,67,67,42,63,68,34,39,40,64,68,67,87,37,77,30,82,41,87,31,55,57,68
attention_to_detail,59,43,58,73,93,51,96,73,62,69,76,35,62,77,99,63,77,98,95,92,59,59,54,53,57,82,49,66,64,31,53,72,67,79,91,85,59,97,40
empathy,50,41,81,98,73,37,48,88,92,95,86,71,47,38,56,58,32,34,70,45,79,99,69,51,87,64,67,84,97,56,43,37,83,56,36,55,34,63,37
confidence,71,54,35,66,58,45,53,34,30,49,48,83,40,77,65,48,92,77,98,57,73,69,68,52,88,81,76,97,55,85,38,44,48,96,93,79,59,56,80
stability,95,54,47,45,45,97,75,79,68,92,80,88,75,50,39,69,40,47,82,98,95,45,72,72,47,45,97,58,71,46,42,69,56,98,32,63,67,71,30
attention_to_detail,66,86,79,92,62,85,62,81,54,53,91,89,84,37,79,52,72,39,85,52,53,65,72,40,63,36,48,30,86,59,72,40,84,90,61,53,66,54,66
creativity,58,66,38,96,41,48,74,34,80,61,59,39,58,54,91,32,69,61,70,85,68,37,72,92,80,66,43,50,93,54,76,92,84,40,78,54,32,60,84
confidence,87,91,65,97,37,77,66,44,82,68,78,45,57,36,52,77,48,100,69,95,93,36,88,33,36,59,71,58,88,85,50,32,66,86,42,37,53,36,46
decisiveness,73,56,58,69,80,32,93,53,34,86,56,68,63,35,83,46,74,72,90,100,75,31,92,30,41,40,38,73,65,62,49,90,88,50,62,66,51,62,88
creativity,69,64,38,63,51,88,90,91,42,65,78,98,100,31,72,70,35,34,57,86,85,64,94,44,81,62,66,58,93,45,59,69,60,44,34,77,39,92,94
decisiveness,49,99,83,94,98,44,44,85,53,57,60,35,81,76,77,41,77,94,90,53,90,39,36,78,61,33,32,53,68,45,50,96,76,92,81,79,49,76,54
vigilance,73,63,80,33,49,56,46,100,48,85,98,49,62,67,42,90,50,82,39,96,90,61,63,54,84,41,51,31,34,81,68,70,42,54,44,46,70,92,40
attention_to_detail,82,71,78,37,94,97,94,74,81,85,82,48,98,54,74,76,63,68,84,33,54,100,52,97,32,83,82,88,76,99,65,89,31,89,91,31,30,48,42
decisiveness,83,60,52,53,98,61,55,68,89,51,86,72,33,72,70,68,45,61,71,82,85,43,58,40,94,38,75,94,47,42,97,90,62,59,42,81,76,98,70
confidence,77,36,67,43,92,69,37,50,92,88,100,62,69,58,61,74,66,55,59,31,37,36,80,41,51,47,95,89,71,77,75,64,32,30,89,58,98,39,60
confidence,72,84,70,84,50,45,90,95,37,87,57,69,62,65,43,50,86,80,35,56,50,68,82,80,62,76,75,90,49,59,74,51,58,86,37,85,93,84,66
empathy,70,34,31,90,53,63,81,87,77,79,69,99,42,78,62,39,77,45,52,48,93,31,65,100,73,84,82,98,95,97,71,33,96,98,55,61,50,54,68
empathy,70,58,37,37,74,74,44,88,66,44,94,35,42,38,89,51,88,42,58,92,39,78,98,72,38,90,64,76,85,44,57,51,93,43,61,62,85,87,69
creativity,76,83,59,68,54,67,31,99,69,41,43,63,32,33,49,74,43,58,78,62,47,44,46,62,44,36,88,44,49,73,99,48,94,83,64,58,53,34,35
confidence,75,99,64,92,88,67,33,78,98,34,90,33,67,37,43,66,34,96,61,69,39,80,51,96,62,99,81,52,38,88,45,98,50,97,32,79,92,53,30
confidence,80,43,80,41,91,43,58,74,57,78,56,90,88,86,100,76,43,83,97,86,96,36,67,65,59,93,44,60,30,95,69,64,63,36,83,71,75,62,45
attention_to_detail,75,73,80,44,32,60,65,65,79,73,93,57,63,68,39,82,46,91,96,63,89,56,34,81,59,52,80,34,84,51,98,82,83,64,63,80,50,71,64
creativity,36,31,58,64,44,88,64,96,51,34,30,42,98,99,62,98,32,55,66,97,97,58,100,64,30,84,40,47,70,61,90,32,99,70,65,30,79,38,48
attention_to_detail,42,46,79,75,75,31,90,80,95,31,78,55,63,44,94,68,85,63,75,69,31,77,53,33,67,99,52,99,39,93,95,73,66,73,89,95,75,54,52
attention_to_detail,55,30,55,85,56,96,89,64,97,84,84,80,41,40,80,78,42,83,33,58,82,47,62,30,90,78,58,80,62,71,46,43,55,83,93,93,55,79,89
stability,78,37,50,86,35,43,31,44,85,37,34,56,34,85,60,58,74,70,55,67,61,81,90,55,98,82,44,69,89,56,65,31,70,47,71,54,88,100,51
attention_to_detail,41,79,68,86,49,72,92,90,82,74,96,54,99,33,88,42,44,66,99,96,92,85,61,66,39,41,76,86,44,42,80,44,63,94,67,38,45,69,62
decisiveness,49,58,70,44,40,62,96,66,81,48,67,30,47,51,40,56,54,73,62,46,66,47,62,60,49,42,35,87,60,87,67,89,43,87,76,35,47,96,79
decisiveness,46,39,42,30,80,36,32,99,76,91,66,38,34,52,93,62,46,49,82,45,67,32,79,31,67,74,85,68,74,61,32,73,95,91,46,75,90,55,43
creativity,70,78,47,83,40,81,35,63,55,78,84,39,53,92,67,70,41,95,48,43,64,69,48,39,79,43,52,43,85,65,98,77,60,53,41,51,67,78,78
decisiveness,85,68,37,50,96,92,47,63,35,81,69,79,73,99,94,84,99,79,80,40,57,86,32,43,93,45,77,56,85,82,44,100,37,78,31,36,53,50,30
stability,75,88,89,47,53,60,58,92,46,82,82,53,64,40,65,64,66,34,91,79,45,61,89,68,43,73,93,82,70,99,93,47,57,53,51,61,71,93,55
creativity,93,93,66,65,60,61,94,97,45,93,76,80,31,84,53,52,51,53,94,99,98,38,63,71,82,55,89,74,93,85,52,70,72,60,46,37,42,97,30
stability,34,41,80,76,72,59,55,94,61,30,82,71,31,87,32,72,81,62,98,91,93,74,65,58,94,39,77,46,34,43,87,51,84,84,36,34,91,92,92
confidence,35,44,38,100,85,44,92,79,71,52,92,67,91,83,39,44,82,73,72,96,43,45,99,85,41,51,83,87,71,32,42,76,57,93,31,72,31,85,96
empathy,42,74,32,87,70,33,82,76,84,85,93,39,94,76,84,89,66,79,68,91,36,78,62,92,60,69,42,95,62,38,74,69,97,80,52,75,87,33,42
creativity,72,56,80,34,62,31,84,43,55,51,96,84,88,86,63,30,36,91,64,89,47,67,49,52,77,61,69,33,60,80,74,97,46,88,35,52,71,64,35
stability,85,30,56,67,31,75,50,86,49,39,96,65,71,86,53,91,74,36,88,54,67,77,94,52,60,65,37,78,82,34,74,73,57,91,30,52,83,46,92
vigilance,60,55,68,34,65,30,69,87,60,67,85,99,51,92,30,94,48,83,86,30,73,57,73,52,51,39,52,47,96,71,51,92,88,32,33,83,41,45,59
creativity,61,64,45,66,100,53,69,52,68,99,33,65,49,70,46,55,50,98,52,58,33,75,67,78,35,56,53,88,95,46,54,99,81,37,57,70,61,49,80
attention_to_detail,33,53,77,57,100,98,58,36,45,44,37,31,78,73,66,60,64,61,78,54,77,55,49,82,88,64,95,79,62,81,68,68,46,96,57,78,72,94,47
stability,65,73,50,71,64,60,62,93,76,57,66,34,68,33,90,96,51,38,44,33,82,42,45,45,81,41,45,94,39,69,50,66,75,62,81,86,76,47,99
confidence,85,53,75,50,83,53,40,58,60,90,42,43,54,74,82,32,31,43,45,45,65,67,78,97,95,54,45,81,32,91,87,52,59,44,97,63,93,100,76
empathy,74,54,93,87,93,82,85,81,48,55,42,38,90,39,90,91,53,57,33,88,32,55,82,39,37,86,80,51,84,77,50,53,40,44,78,47,69,55,33
creativity,62,77,90,51,94,54,79,90,58,47,82,34,51,77,32,81,79,46,32,43,98,66,55,52,42,38,67,79,43,38,61,65,43,35,89,73,50,54,49
stability,88,65,65,32,35,63,53,99,58,42,93,73,68,56,94,90,41,50,83,93,91,57,31,30,71,52,45,89,89,71,52,37,57,30,95,45,82,64,39
confidence,68,51,87,77,34,67,60,89,57,68,98,89,36,76,90,89,74,57,52,38,92,75,92,49,41,44,79,85,35,75,95,93,92,78,34,61,91,34,52
empathy,94,60,77,63,56,91,68,74,70,59,91,69,66,89,53,37,97,94,50,30,73,98,58,62,75,73,93,93,91,94,46,33,94,44,55,80,91,90,67
confidence,57,53,82,66,40,47,37,36,55,68,49,30,99,70,36,39,42,80,79,79,84,58,37,51,50,41,65,78,59,59,32,100,85,47,74,84,60,74,30
vigilance,100,75,74,42,41,83,74,94,88,30,30,39,93,97,38,43,94,73,100,84,79,64,62,82,78,79,33,45,84,53,95,95,46,91,36,81,49,47,54
attention_to_detail,33,83,37,30,57,93,91,58,64,42,61,38,93,95,92,99,89,63,88,75,89,88,50,35,93,41,60,45,97,69,53,63,32,72,68,80,49,66,61
attention_to_detail,62,69,84,71,72,53,31,58,75,64,52,34,87,54,47,78,64,49,78,62,92,63,43,79,31,64,97,78,78,96,44,61,83,88,40,83,75,54,61
vigilance,72,75,53,71,94,32,90,91,84,33,56,66,75,69,73,76,76,68,74,86,80,59,96,61,87,100,57,58,35,30,47,42,65,87,70,76,61,89,90
empathy,58,62,34,91,60,30,57,68,75,79,81,70,31,30,83,38,87,42,83,72,52,50,84,34,81,59,46,54,55,67,30,45,47,63,33,81,91,71,50
decisiveness,84,100,87,92,81,45,70,92,46,83,47,80,61,43,92,35,55,70,94,98,92,49,95,75,51,72,74,58,84,82,44,66,39,55,71,48,86,63,74
stability,96,92,86,90,71,36,62,91,33,50,48,63,72,78,54,52,42,35,33,71,93,39,74,30,74,69,77,94,68,90,38,36,86,69,49,77,91,56,83
confidence,92,63,73,80,65,65,78,91,62,53,42,86,59,31,83,37,34,45,45,53,89,42,84,36,41,58,66,63,49,72,70,54,96,97,97,68,43,55,98
empathy,49,39,44,60,91,84,50,37,78,50,33,73,93,84,97,57,91,39,77,87,41,80,90,56,78,55,45,85,44,48,77,49,82,82,49,38,53,50,86
vigilance,70,78,34,75,37,45,100,76,92,74,32,76,52,70,100,79,52,85,33,31,33,84,57,54,75,78,72,39,69,35,97,64,80,59,92,94,73,65,35
vigilance,49,92,74,100,38,83,35,83,69,77,61,99,65,71,46,85,100,33,73,73,50,42,62,92,100,68,60,75,66,85,83,76,83,62,71,32,62,69,93
attention_to_detail,63,30,76,45,65,75,93,53,50,84,40,81,59,76,89,35,62,58,40,45,65,54,84,53,80,40,53,52,68,71,94,69,94,30,30,72,99,86,68
empathy,65,91,44,46,70,79,84,75,64,72,73,60,80,36,84,53,54,88,88,65,99,98,64,55,74,75,30,72,43,98,31,62,68,90,93,92,77,34,43
empathy,68,96,48,55,73,57,93,52,42,78,72,73,35,50,45,50,55,99,32,38,90,53,50,90,67,61,43,74,77,42,59,60,54,85,58,61,34,78,78
vigilance,51,47,30,76,56,38,61,38,57,78,78,64,97,58,49,60,86,55,49,51,60,65,70,47,35,54,93,78,46,57,86,54,79,75,50,93,44,79,95
confidence,81,86,40,73,98,44,56,92,95,92,76,52,49,52,37,62,76,35,83,49,72,61,47,91,92,72,81,100,81,61,74,83,69,51,79,62,47,91,65
confidence,100,96,56,33,34,60,41,98,53,48,33,99,70,58,47,80,43,67,75,57,42,35,69,44,92,64,96,96,44,30,79,62,78,88,80,96,77,51,68
decisiveness,58,45,89,93,57,100,92,38,73,40,69,74,75,96,82,37,84,46,85,44,31,49,35,61,40,76,89,58,32,92,52,37,43,38,100,97,35,79,62
empathy,33,75,55,68,43,30,56,58,44,92,82,34,31,32,78,36,84,58,69,79,91,76,53,88,72,54,75,55,77,71,99,46,51,56,93,59,82,32,30
vigilance,94,64,89,82,91,58,100,33,54,53,32,79,42,83,43,45,72,61,47,87,32,52,80,36,87,86,55,70,81,65,57,58,64,57,97,82,49,78,63
stability,60,60,58,55,80,88,64,38,50,35,96,85,41,34,39,90,90,53,60,83,65,59,57,70,47,62,40,89,64,32,77,76,71,49,58,32,99,99,33
stability,84,81,64,94,73,84,84,81,52,35,58,50,43,62,47,54,57,44,92,95,77,56,30,66,43,84,57,64,97,60,91,79,54,88,96,62,92,83,45
attention_to_detail,32,81,55,62,68,73,69,38,78,46,31,78,52,41,43,88,76,95,64,34,96,71,77,40,73,72,46,97,96,74,51,82,70,41,80,55,58,66,86
attention_to_detail,40,44,72,93,79,53,48,74,87,39,98,93,75,69,89,36,88,51,88,67,52,85,45,46,40,45,34,83,69,56,90,50,93,56,95,53,52,76,88
creativity,32,57,100,81,92,100,82,55,38,85,45,33,82,83,49,56,99,68,74,95,76,52,85,78,53,86,95,88,34,74,60,35,87,47,51,64,88,46,66
confidence,67,87,38,41,47,86,59,34,91,56,81,34,81,91,53,73,73,43,68,62,46,61,36,34,54,64,99,49,92,38,95,66,69,60,44,71,53,33,88
confidence,41,32,44,42,38,94,79,40,64,95,30,63,51,87,70,58,53,83,68,55,41,58,99,90,35,30,65,48,44,31,36,49,45,95,42,44,76,50,56
confidence,89,45,45,40,70,45,83,69,62,80,90,61,56,65,65,64,79,84,100,96,95,93,31,90,89,83,99,45,64,34,47,54,57,66,85,84,88,61,56
vigilance,88,88,72,68,89,57,60,98,85,30,37,87,75,98,98,44,33,52,65,62,89,84,44,58,69,63,39,99,83,54,46,38,90,65,35,65,57,90,39
decisiveness,33,70,94,40,31,96,81,43,78,94,51,36,32,42,84,32,67,39,45,96,49,59,66,42,60,41,47,68,55,76,41,90,37,35,98,56,52,52,64
creativity,42,56,34,34,58,36,59,50,45,58,92,84,39,77,58,79,58,53,50,35,39,37,92,67,97,89,41,71,41,68,46,58,43,66,36,71,54,70,96
confidence,82,60,49,80,62,75,52,85,57,53,47,78,87,45,52,99,79,82,49,45,60,30,79,83,88,36,57,53,31,62,69,99,40,57,64,33,92,52,33
attention_to_detail,69,44,100,48,60,34,92,81,93,81,38,58,82,72,40,34,68,64,59,52,96,35,92,48,40,87,50,49,46,79,95,99,52,47,68,84,62,75,41
decisiveness,51,57,40,61,32,50,99,30,68,75,99,46,69,91,54,56,43,62,37,78,93,56,34,37,64,93,77,77,51,74,99,41,53,30,63,51,79,39,79
decisiveness,40,63,63,69,83,59,76,88,37,48,37,66,66,53,96,52,62,56,92,56,81,80,63,78,40,84,72,66,33,41,97,46,38,54,49,46,95,56,78
empathy,67,87,58,71,35,56,34,32,92,82,54,43,33,95,70,66,43,34,68,58,78,75,45,38,51,83,47,68,56,83,88,60,51,66,32,59,47,31,80
vigilance,50,71,67,76,47,38,42,64,54,75,78,88,77,35,94,74,63,69,65,75,55,55,56,35,93,53,62,51,44,42,38,33,66,44,41,60,76,71,77
attention_to_detail,45,60,52,49,66,99,91,75,79,57,69,86,78,38,78,79,96,61,91,59,37,86,47,59,76,41,60,30,36,91,67,90,87,54,43,96,32,30,56
empathy,64,35,68,82,72,90,53,68,46,100,63,54,31,59,38,37,100,62,45,84,89,36,82,49,94,87,59,70,34,55,49,66,38,70,46,52,84,97,39
empathy,34,62,40,47,66,91,99,69,34,96,60,65,49,44,86,51,73,30,46,55,63,86,70,47,87,45,69,62,100,39,82,90,82,43,77,71,85,32,99
creativity,52,79,97,38,41,67,57,78,75,100,66,85,94,100,55,94,83,84,32,39,32,86,68,32,86,90,75,63,55,94,30,42,89,96,46,33,58,72,45
attention_to_detail,73,45,70,38,35,62,59,87,34,60,36,56,33,66,79,34,53,50,32,94,35,45,92,82,92,91,46,94,88,66,53,57,54,78,45,89,56,88,63
vigilance,61,71,99,35,41,65,100,98,76,42,84,33,35,92,66,87,66,64,63,42,44,69,57,75,55,51,72,71,100,39,48,47,50,74,61,35,47,81,77
empathy,64,87,67,43,81,82,70,79,43,63,66,65,98,44,62,57,50,33,76,44,69,96,83,57,34,80,79,85,54,82,80,54,57,45,92,58,67,70,63
stability,80,43,45,72,69,54,85,32,31,89,67,38,52,63,76,48,94,63,73,56,36,61,38,85,59,86,59,70,91,38,31,74,39,59,55,81,100,40,96
stability,35,89,39,70,89,39,74,99,63,47,34,33,99,57,64,32,57,65,40,97,79,81,41,72,60,91,41,87,68,34,49,86,71,94,90,78,39,35,89
confidence,39,84,84,38,62,83,34,79,60,66,84,83,91,47,54,87,61,53,94,31,35,81,51,50,64,70,34,86,48,63,43,30,41,37,47,65,61,61,81
vigilance,94,41,50,85,59,60,78,81,59,96,94,82,89,51,47,36,98,37,54,57,86,47,94,91,79,75,45,61,56,65,82,33,90,44,88,97,81,90,90
attention_to_detail,62,44,52,35,100,98,37,73,72,56,97,49,92,40,55,41,56,82,97,74,53,56,80,94,42,91,50,46,95,81,61,63,35,67,84,85,96,87,33
confidence,45,56,45,48,63,94,67,36,66,88,52,86,62,93,70,55,74,30,68,74,67,34,75,68,88,94,98,59,30,80,88,49,98,43,94,31,32,44,46
decisiveness,63,70,97,40,90,45,54,43,89,60,70,39,51,75,37,43,66,47,51,58,42,43,86,34,87,89,31,79,87,42,31,42,77,57,56,99,89,97,54
empathy,77,98,95,56,84,42,40,37,53,71,76,89,85,56,63,76,60,52,32,74,85,70,66,54,65,60,74,49,68,32,47,32,64,53,70,65,51,65,67
stability,47,91,100,45,85,41,95,89,33,37,98,51,72,32,99,44,64,81,69,98,79,57,75,56,54,42,93,44,70,57,97,40,90,44,73,57,59,54,33
attention_to_detail,75,42,64,97,46,76,66,69,48,32,70,81,71,74,77,77,95,82,41,61,66,33,97,56,97,78,58,37,58,57,78,80,37,90,76,76,69,57,57
confidence,47,90,81,59,69,49,57,63,99,96,84,94,39,64,57,87,50,56,100,99,57,58,93,41,93,68,44,49,44,56,69,91,69,82,39,76,74,49,67
creativity,56,56,37,47,83,42,44,45,73,57,37,61,31,44,72,43,46,68,95,81,56,83,55,40,52,42,90,45,76,41,65,35,56,100,53,74,70,93,42
creativity,95,88,51,37,99,46,49,79,42,67,95,100,89,67,54,33,68,69,33,97,79,89,82,95,36,94,97,42,76,50,58,50,79,31,75,97,56,48,30
decisiveness,76,92,98,34,73,78,59,42,36,45,79,41,40,33,36,80,79,49,77,79,91,35,34,92,57,31,61,94,72,84,71,40,56,39,99,70,61,39,47
empathy,69,94,83,68,67,69,32,87,34,71,54,84,58,55,40,37,83,87,97,56,60,41,70,58,77,100,33,42,32,47,32,44,80,34,43,89,49,93,90
decisiveness,60,89,44,82,34,73,83,55,81,51,80,36,70,70,98,71,46,98,80,56,85,72,73,32,58,34,46,78,98,40,87,94,88,67,39,75,45,41,82
attention_to_detail,40,87,56,68,51,54,68,79,70,47,84,53,62,88,88,30,61,56,45,53,59,78,86,90,72,98,97,60,37,33,69,59,32,88,56,38,55,78,84
confidence,45,45,43,83,50,41,74,87,87,91,52,73,78,83,37,40,51,60,71,70,32,46,81,72,35,48,47,60,94,42,92,76,65,62,60,69,34,53,58
creativity,69,88,88,38,65,64,34,32,55,51,37,49,70,99,74,96,75,68,48,91,93,70,37,40,83,45,40,93,55,65,86,72,98,37,98,34,79,97,92
creativity,99,58,60,92,33,60,93,90,59,62,89,82,59,37,85,87,69,39,34,64,98,66,45,95,82,52,57,44,77,36,35,75,61,65,86,49,51,88,96
decisiveness,39,45,39,60,64,89,46,62,72,66,96,82,82,30,46,67,44,30,85,31,89,69,40,77,88,48,60,74,77,54,53,89,37,58,36,46,75,99,74
creativity,79,60,34,86,73,90,92,45,51,98,54,98,32,33,98,41,97,86,56,52,100,51,95,99,82,59,82,79,50,36,77,86,32,72,74,73,96,49,64
attention_to_detail,40,45,67,66,45,57,81,43,67,55,71,34,63,30,83,95,86,49,60,61,49,41,32,31,92,63,46,50,83,52,73,37,35,36,80,54,30,86,40
creativity,87,50,87,36,73,34,32,67,36,78,45,72,46,37,58,33,62,60,89,77,79,30,73,75,54,30,72,90,43,99,36,47,50,47,31,39,85,89,78
confidence,47,72,57,45,69,30,57,71,37,32,85,90,55,68,53,57,79,63,58,88,93,100,79,96,89,99,82,99,54,60,43,85,76,95,82,59,64,61,84
confidence,44,46,32,69,84,34,58,62,75,78,51,55,91,71,35,45,60,62,91,78,64,37,94,57,33,49,94,88,37,89,69,93,75,32,37,47,88,45,80
stability,55,81,30,33,92,83,32,39,69,95,90,94,81,41,98,75,44,84,52,46,53,63,31,38,99,96,58,49,42,50,32,46,52,58,56,40,84,56,40
creativity,77,52,87,65,75,85,100,66,84,53,48,52,35,73,97,30,61,90,100,92,58,83,57,60,99,77,54,37,39,89,67,61,51,74,81,37,30,59,67
vigilance,64,71,61,46,86,95,83,72,87,31,68,95,65,88,64,86,37,63,57,91,30,62,80,66,44,80,30,51,81,68,32,83,77,93,87,88,43,84,40
decisiveness,46,74,81,64,67,33,97,45,52,87,43,99,60,84,55,86,39,70,75,42,61,93,31,39,98,47,39,80,41,78,80,35,61,57,40,56,82,94,92
confidence,58,69,31,97,30,58,97,46,74,47,48,80,72,82,52,36,32,86,44,72,78,43,86,50,30,99,76,74,91,91,75,98,62,41,54,62,38,53,78
decisiveness,49,53,91,58,59,63,67,94,44,33,75,82,45,81,68,31,39,82,43,77,88,62,69,82,52,49,47,61,31,57,30,65,35,84,95,59,60,79,85
vigilance,58,64,46,32,84,90,95,68,78,37,65,93,97,48,44,88,33,30,88,73,30,66,31,95,56,64,33,82,100,53,70,55,49,81,50,30,39,39,32
attention_to_detail,70,71,43,48,100,68,74,96,73,98,86,49,49,90,52,85,98,95,90,80,37,93,50,50,53,67,57,51,89,69,76,88,75,86,39,90,53,88,87
confidence,96,67,51,70,89,68,55,30,81,55,59,36,69,88,40,35,61,84,77,41,99,32,61,83,72,80,94,85,70,93,63,84,87,55,64,100,100,39,47
vigilance,48,56,70,85,89,40,61,62,90,44,33,51,36,43,42,31,52,71,40,64,32,44,66,89,78,95,68,32,38,45,95,90,76,56,74,85,33,72,85
attention_to_detail,99,88,81,78,81,68,52,33,35,56,50,99,77,94,57,76,69,92,57,64,86,49,59,32,98,47,94,70,70,55,47,58,92,49,96,98,31,35,33
creativity,41,75,55,84,91,64,62,35,73,84,74,98,54,95,88,64,46,73,76,35,73,68,73,88,58,91,42,70,98,97,81,79,67,76,75,96,81,88,59
creativity,94,37,48,91,65,99,63,44,90,35,54,44,44,99,32,41,43,45,58,62,60,57,79,41,30,49,86,43,37,53,64,44,99,95,50,96,65,72,41
stability,59,80,63,36,68,60,67,97,32,62,46,60,53,68,47,50,60,54,71,91,38,64,40,57,62,85,76,55,65,95,47,100,37,100,45,56,58,75,66
confidence,34,96,75,73,52,75,92,53,96,52,38,88,99,89,93,62,73,87,92,91,34,52,45,88,57,31,46,47,60,80,98,90,86,44,77,55,38,96,67
stability,71,75,92,34,41,32,84,76,59,87,88,66,61,31,94,51,32,64,32,80,90,96,37,50,63,64,54,99,59,74,87,63,72,36,63,98,97,87,42
vigilance,34,75,70,41,56,30,99,41,75,77,65,94,88,99,86,56,56,68,65,98,61,75,58,35,58,93,65,57,94,60,48,78,40,45,81,59,96,66,51
decisiveness,80,75,76,84,76,70,44,87,81,88,80,40,34,34,91,35,35,32,62,67,49,82,82,33,92,59,39,68,63,72,54,95,90,47,91,45,81,73,31
vigilance,37,31,87,38,57,88,62,77,50,84,85,36,30,42,77,33,89,73,76,42,81,69,83,78,87,32,93,53,70,82,49,41,44,94,86,52,58,32,56
confidence,57,47,68,36,76,35,79,81,32,61,50,40,52,84,47,54,37,82,62,33,52,87,40,73,88,34,98,51,41,35,31,41,78,61,70,52,85,51,63
stability,75,95,53,65,57,98,100,83,98,32,89,90,42,79,87,92,90,74,89,52,69,84,100,52,63,83,39,37,44,52,51,36,62,100,63,41,40,31,58
confidence,62,82,98,92,100,48,47,56,81,82,75,91,32,71,33,37,84,93,61,46,70,36,68,36,36,81,31,95,85,45,78,35,32,40,37,78,72,59,71
stability,86,65,94,97,44,97,66,49,46,83,74,85,72,65,81,88,52,58,82,36,97,62,64,44,61,98,99,33,64,49,95,37,47,70,35,38,49,81,83
empathy,80,47,51,90,81,38,86,99,32,36,43,51,79,55,49,39,62,36,41,43,63,61,78,95,49,44,93,68,39,31,71,75,36,99,66,42,77,87,69
decisiveness,91,39,97,95,50,96,62,99,84,67,57,39,93,40,86,57,86,41,39,73,56,88,62,44,75,62,82,76,35,36,48,63,40,44,36,32,57,32,77
creativity,85,37,50,88,67,85,51,47,63,77,69,51,72,53,91,60,39,59,90,93,67,70,54,82,98,48,32,52,37,42,74,89,81,98,74,30,83,94,67
confidence,33,39,86,34,45,75,82,89,97,31,50,50,79,83,57,84,96,63,49,38,87,58,94,78,37,70,81,38,82,72,98,42,61,92,72,76,68,38,51
attention_to_detail,84,41,38,34,98,36,78,75,74,78,57,39,57,71,88,64,86,49,43,66,67,67,56,100,40,71,57,37,57,39,54,42,83,50,65,61,42,30,97
creativity,79,93,44,34,57,74,96,53,36,35,97,75,89,81,88,82,47,79,81,59,78,82,85,59,37,46,39,44,72,96,69,91,94,80,35,35,42,89,51
decisiveness,97,88,91,69,98,95,91,92,51,52,64,44,44,77,68,43,51,50,99,73,59,91,69,93,57,68,67,63,44,100,33,32,66,52,84,31,44,74,81
creativity,47,98,73,57,42,86,97,72,38,52,67,54,54,36,59,93,84,40,96,91,52,49,69,62,78,44,31,58,39,46,76,56,68,73,66,81,98,45,91
vigilance,81,50,95,61,45,89,51,53,61,56,85,53,66,91,32,30,97,63,31,49,31,78,61,59,91,32,72,55,73,78,93,56,55,64,44,39,31,44,59
attention_to_detail,65,87,79,97,96,77,88,66,32,96,96,71,49,88,45,59,60,36,31,88,84,43,52,86,51,94,68,53,69,52,60,64,51,66,49,92,64,61,53
stability,40,34,55,48,30,56,92,61,49,71,84,34,45,50,100,37,42,80,56,60,76,60,83,100,65,79,87,96,69,43,69,78,95,47,50,47,63,85,55
creativity,56,56,42,77,40,83,38,86,74,53,54,49,83,67,88,50,32,82,36,73,92,77,36,83,91,49,59,82,72,77,71,30,36,53,79,85,30,80,83
creativity,61,70,60,61,49,61,37,66,50,54,34,30,62,39,86,76,69,83,93,37,60,40,57,63,60,87,99,79,87,35,46,74,56,79,61,88,30,35,46
confidence,98,60,72,33,89,98,79,61,63,73,78,87,72,33,56,89,39,71,62,37,73,72,74,98,85,98,64,41,92,70,71,41,49,30,33,82,98,100,55
creativity,84,86,61,67,67,46,32,34,46,61,42,64,67,38,58,88,53,59,33,89,62,76,73,39,93,35,64,87,91,84,70,66,40,47,97,45,88,39,79
confidence,88,67,52,97,85,57,93,59,42,33,66,35,59,71,66,59,54,46,97,33,38,50,62,83,87,49,46,47,93,53,97,85,87,73,86,94,73,33,85
attention_to_detail,58,34,42,90,53,88,43,60,71,36,56,73,42,56,37,99,87,53,35,34,65,57,35,68,65,49,44,69,60,57,91,80,88,61,66,92,30,63,86
stability,91,95,100,53,52,73,35,96,66,90,100,80,43,95,53,51,43,32,61,70,74,45,96,75,78,35,90,66,52,85,56,72,90,93,83,100,93,81,49
decisiveness,94,43,74,55,38,99,59,57,46,30,48,68,81,96,99,44,54,71,46,59,30,99,47,33,57,67,42,65,42,43,48,50,59,75,57,67,98,84,83
attention_to_detail,80,66,35,49,55,40,34,67,92,69,45,76,38,78,86,38,51,58,88,66,73,61,56,31,52,53,54,44,63,46,73,57,42,73,85,86,34,70,77
empathy,66,56,77,97,44,82,37,67,100,80,34,78,35,100,95,90,91,100,70,67,54,40,80,37,99,79,81,99,94,62,46,47,32,71,88,69,85,41,65
attention_to_detail,58,97,90,90,75,30,88,76,73,35,53,94,89,50,68,75,75,87,35,85,82,87,42,89,86,32,45,98,56,48,53,59,53,74,87,93,64,37,83
empathy,89,33,92,41,76,63,34,85,46,31,55,71,44,36,43,48,65,48,48,90,75,100,70,34,38,60,46,44,87,47,65,36,93,78,97,100,71,84,50
creativity,40,73,31,89,74,51,94,42,48,65,31,56,75,64,72,47,100,39,60,60,77,52,94,84,55,84,71,63,63,36,41,44,71,60,42,72,67,50,48
stability,58,37,62,89,92,67,31,44,87,56,66,32,71,33,85,79,47,50,65,97,74,39,30,71,97,46,48,65,56,50,83,44,35,83,77,63,100,50,51
decisiveness,32,41,75,82,92,62,79,53,90,74,91,66,76,59,30,56,69,74,45,92,89,57,84,86,82,51,87,99,82,67,72,71,91,50,38,86,64,34,83
stability,83,75,51,64,66,44,66,64,65,34,89,33,48,72,65,91,51,87,70,80,68,59,70,63,50,34,79,91,75,79,31,80,39,96,85,93,47,94,52
vigilance,43,51,80,81,75,87,84,95,75,82,59,37,92,87,97,71,32,68,66,77,64,92,51,38,59,97,34,39,78,50,90,50,51,98,49,48,64,53,85
vigilance,39,31,84,36,85,52,51,94,84,57,95,34,56,66,93,33,80,56,51,99,58,76,71,84,90,90,85,49,89,67,57,90,76,60,72,46,52,56,53
creativity,47,70,58,65,80,100,31,54,74,48,69,88,34,68,62,88,48,42,72,43,52,87,75,33,82,45,34,35,39,40,35,36,98,61,47,30,99,66,41
attention_to_detail,94,38,60,48,77,34,77,52,65,77,36,45,31,67,56,68,79,81,62,69,39,80,57,43,73,39,69,75,57,89,37,53,37,39,97,94,49,82,54
confidence,31,41,47,80,47,80,56,48,36,37,66,88,77,100,85,99,32,32,85,98,73,82,66,98,78,53,40,63,79,52,70,30,31,58,61,34,47,66,53
confidence,37,87,83,54,52,42,40,79,31,91,30,30,95,94,88,69,53,50,100,42,84,76,95,51,38,35,61,89,74,45,39,80,77,71,30,82,89,78,88
empathy,39,51,55,62,74,77,49,69,36,32,63,75,52,74,68,96,53,99,69,91,48,70,94,50,97,76,54,32,64,34,49,43,98,60,100,83,91,91,68
stability,48,71,97,44,30,65,34,71,45,41,39,88,44,65,57,82,58,60,32,67,43,40,73,96,60,81,69,38,85,63,75,87,53,73,32,58,93,72,44
decisiveness,34,43,93,49,90,60,93,68,78,78,88,91,46,96,90,57,34,60,79,37,73,94,52,50,54,89,73,65,51,87,40,94,78,56,37,90,41,94,33
decisiveness,70,60,85,31,64,68,52,49,52,58,60,66,66,34,40,86,38,99,52,34,50,43,67,84,44,33,82,93,82,49,59,95,93,82,72,32,68,100,95
empathy,43,44,76,77,63,44,83,51,64,48,73,32,47,60,60,42,45,57,43,92,36,96,65,80,43,78,89,42,63,43,85,88,71,100,51,58,45,89,99
creativity,94,87,99,47,83,89,69,42,64,91,78,61,49,42,89,70,89,73,100,91,75,42,48,95,69,38,85,97,30,40,77,95,91,34,43,33,36,72,38
stability,61,51,35,55,39,35,57,47,91,37,79,69,44,39,66,87,85,48,61,37,86,58,36,67,54,31,44,66,54,42,88,33,49,68,86,61,32,39,69
stability,77,88,81,90,33,40,36,88,54,38,58,62,98,100,71,69,53,68,32,90,45,99,65,48,89,81,46,85,37,49,78,53,68,40,87,52,30,66,60
attention_to_detail,60,47,100,40,36,39,83,73,50,69,46,59,62,36,79,67,94,58,66,54,71,79,54,45,51,43,75,77,77,52,46,94,30,90,56,39,66,59,35
attention_to_detail,61,31,45,68,47,59,41,51,40,48,41,87,44,50,56,74,38,94,96,85,87,77,66,85,79,44,63,65,91,32,82,79,56,62,48,37,89,40,30
confidence,79,84,85,49,57,71,45,92,80,45,47,36,79,45,83,44,74,45,95,69,85,64,55,94,81,53,91,30,87,75,72,59,80,83,82,66,84,69,87
empathy,79,78,71,78,31,40,91,55,42,55,71,48,58,48,47,38,58,55,75,42,65,95,33,95,82,34,60,51,73,68,72,57,42,38,33,47,80,53,46
stability,64,71,77,78,76,74,46,60,61,77,72,94,88,57,79,55,93,45,79,30,79,94,84,93,82,89,88,61,41,77,30,99,94,35,32,78,91,62,79
confidence,89,60,39,34,74,35,34,86,96,77,76,65,64,70,30,96,49,77,54,80,33,68,82,58,98,30,86,84,69,89,87,52,92,60,71,54,93,75,98
attention_to_detail,91,68,66,78,60,45,82,85,93,39,86,69,65,47,33,78,37,75,98,59,72,69,70,81,32,96,31,96,72,53,91,45,30,66,45,96,79,93,68
empathy,40,79,76,42,45,79,85,100,89,47,76,78,85,90,69,73,71,43,80,68,36,95,47,99,46,90,68,55,84,34,56,49,34,64,66,82,83,80,35
attention_to_detail,47,36,96,65,89,36,53,58,90,38,39,82,80,84,64,88,76,38,78,83,81,50,77,56,79,80,98,42,30,44,83,92,38,79,58,61,94,71,52
attention_to_detail,32,95,93,83,75,87,70,41,70,78,79,37,76,65,44,78,38,60,78,46,53,86,88,75,42,41,71,72,90,98,72,98,62,50,79,33,93,61,100
vigilance,87,45,44,89,64,53,71,88,93,68,88,75,69,94,80,74,93,70,89,97,79,85,98,79,64,75,55,69,51,43,33,79,51,54,60,46,42,92,71
attention_to_detail,59,46,39,95,56,45,78,49,58,94,43,91,73,53,75,89,92,51,55,79,72,86,53,97,58,74,46,60,86,33,81,68,87,43,84,86,89,33,55
stability,73,80,40,95,63,34,49,31,36,77,93,50,45,85,90,96,72,32,37,94,48,58,36,65,99,76,57,44,60,65,84,99,73,74,69,98,88,52,67
confidence,75,60,44,87,95,76,81,56,66,83,91,48,100,100,96,83,36,88,61,42,40,54,67,42,33,82,44,86,57,67,88,83,54,38,100,94,94,70,85
attention_to_detail,87,54,49,53,62,72,56,57,91,65,63,82,53,53,78,77,84,45,71,41,31,45,66,64,60,51,78,93,42,55,56,94,74,43,62,32,47,77,82
